
USE Jaunty_Jalopies ;

-- Inserting Users --
INSERT INTO Users (user_name,password,first_name,last_name) VALUES ('raround@naver.com','4FdfAIB','Roland','Around')
INSERT INTO Users (user_name,password,first_name,last_name) VALUES ('dtease1@joomla.org','5phcS0Z','Duky','Tease')
INSERT INTO Users (user_name,password,first_name,last_name) VALUES ('troake2@sina.com.cn','b09cBh9EkrzD','Taber','Roake')
INSERT INTO Users (user_name,password,first_name,last_name) VALUES ('csextie3@globo.com','BzpEd1hw','Claudelle','Sextie')
INSERT INTO Users (user_name,password,first_name,last_name) VALUES ('fmckennane@narod.ru','XzAHLQ0gC4','Fallon','McKennan')
INSERT INTO Users (user_name,password,first_name,last_name) VALUES ('dsummerskillf@ycombinator.com','kZjq06Cs','Duke','Summerskill')
INSERT INTO Users (user_name,password,first_name,last_name) VALUES ('csarfattig@unblog.fr','uOibMLVQbrTT','Catina','Sarfatti')
INSERT INTO Users (user_name,password,first_name,last_name) VALUES ('vdawtreh@yellowbook.com','gDZBdP','Vina','Dawtre')
INSERT INTO Users (user_name,password,first_name,last_name) VALUES ('gmclaughlani@mediafire.com','9Fq6wBidQGI','Gayle','McLaughlan')
INSERT INTO Users (user_name,password,first_name,last_name) VALUES ('grousj@yahoo.co.jp','60n2JBAxn7z','Guy','Rous')
INSERT INTO Users (user_name,password,first_name,last_name) VALUES ('hganningk@wix.com','dtQ0H9','Heywood','Ganning')
INSERT INTO Users (user_name,password,first_name,last_name) VALUES ('abarefootl@networksolutions.com','QbH9jRZHP4','Abbie','Barefoot')
INSERT INTO Users (user_name,password,first_name,last_name) VALUES ('pbyfordm@cmu.edu','wMW7MKqv','Pennie','Byford')
INSERT INTO Users (user_name,password,first_name,last_name) VALUES ('ljoiscen@purevolume.com','FkNNfxpHml5','Levey','Joisce')
INSERT INTO Users (user_name,password,first_name,last_name) VALUES ('dcameliao@vk.com','glAiKtULh','Demetri','Camelia')
INSERT INTO Users (user_name,password,first_name,last_name) VALUES ('mplumsteadp@go.com','H1aKAdwat','Morgana','Plumstead')
INSERT INTO Users (user_name,password,first_name,last_name) VALUES ('lleatq@blogtalkradio.com','QMRhAKH','Leo','Leat')
INSERT INTO Users (user_name,password,first_name,last_name) VALUES ('ereader@techcrunch.com','YHvJvK09','Errol','Reade')
INSERT INTO Users (user_name,password,first_name,last_name) VALUES ('slanktrees@rediff.com','56qUsEWSh9Hr','Selestina','Lanktree')
INSERT INTO Users (user_name,password,first_name,last_name) VALUES ('jdommersent@engadget.com','gD0h3RsJ6','Justis','Dommersen')


-- Inserting ServiceWriter  --
INSERT INTO ServiceWriter (user_name) VALUES ('raround@naver.com')
INSERT INTO ServiceWriter (user_name) VALUES ('dtease1@joomla.org')
INSERT INTO ServiceWriter (user_name) VALUES ('troake2@sina.com.cn')

-- Inserting SalesPeople  --
INSERT INTO SalesPeople (user_name) VALUES ('raround@naver.com')
INSERT INTO SalesPeople (user_name) VALUES ('csextie3@globo.com')
INSERT INTO SalesPeople (user_name) VALUES ('fmckennane@narod.ru')
INSERT INTO SalesPeople (user_name) VALUES ('dsummerskillf@ycombinator.com')
INSERT INTO SalesPeople (user_name) VALUES ('csarfattig@unblog.fr')
INSERT INTO SalesPeople (user_name) VALUES ('vdawtreh@yellowbook.com')
INSERT INTO SalesPeople (user_name) VALUES ('gmclaughlani@mediafire.com')
INSERT INTO SalesPeople (user_name) VALUES ('grousj@yahoo.co.jp')
INSERT INTO SalesPeople (user_name) VALUES ('hganningk@wix.com')
INSERT INTO SalesPeople (user_name) VALUES ('abarefootl@networksolutions.com')
INSERT INTO SalesPeople (user_name) VALUES ('pbyfordm@cmu.edu')
INSERT INTO SalesPeople (user_name) VALUES ('ljoiscen@purevolume.com')
INSERT INTO SalesPeople (user_name) VALUES ('dcameliao@vk.com')
INSERT INTO SalesPeople (user_name) VALUES ('mplumsteadp@go.com')

-- Inserting Owner  --
INSERT INTO Owner (user_name) VALUES ('raround@naver.com')

-- Inserting Manager  --
INSERT INTO Manager (user_name) VALUES ('raround@naver.com')
INSERT INTO Manager (user_name) VALUES ('jdommersent@engadget.com')

-- Inserting InventoryClerk  --
INSERT INTO InventoryClerk (user_name) VALUES ('raround@naver.com')
INSERT INTO InventoryClerk (user_name) VALUES ('lleatq@blogtalkradio.com')
INSERT INTO InventoryClerk (user_name) VALUES ('ereader@techcrunch.com')
INSERT INTO InventoryClerk (user_name) VALUES ('slanktrees@rediff.com')

-- Inserting Customer --

INSERT INTO Customer (email,phone_number,add_by_user_name,street_Address, city, state, postal_code) VALUES ('vbraz0@newsvine.com','240-251-5494','raround@naver.com','76 Blackbird Avenue','Silver Spring','Maryland','20904')
INSERT INTO Customer (email,phone_number,add_by_user_name,street_Address, city, state, postal_code) VALUES ('cbrodie1@home.pl','937-442-9476','raround@naver.com','72464 Mcbride Plaza','Dayton','Ohio','45470')
INSERT INTO Customer (email,phone_number,add_by_user_name,street_Address, city, state, postal_code) VALUES ('tclayal2@usgs.gov','313-792-7320','raround@naver.com','53 6th Alley','Southfield','Michigan','48076')
INSERT INTO Customer (email,phone_number,add_by_user_name,street_Address, city, state, postal_code) VALUES ('aguerola3@lycos.com','412-783-1070','csextie3@globo.com','77 Cody Trail','Mc Keesport','Pennsylvania','15134')
INSERT INTO Customer (email,phone_number,add_by_user_name,street_Address, city, state, postal_code) VALUES ('htrayhorn4@prweb.com','213-741-7395','fmckennane@narod.ru','7 Ludington Parkway','Los Angeles','California','90087')
INSERT INTO Customer (email,phone_number,add_by_user_name,street_Address, city, state, postal_code) VALUES ('aslatcher5@nasa.gov','520-501-9910','dsummerskillf@ycombinator.com','6863 Bashford Junction','Tucson','Arizona','85748')
INSERT INTO Customer (email,phone_number,add_by_user_name,street_Address, city, state, postal_code) VALUES ('lgudd6@sina.com.cn','520-623-9209','csarfattig@unblog.fr','5567 Armistice Street','Tucson','Arizona','85737')
INSERT INTO Customer (email,phone_number,add_by_user_name,street_Address, city, state, postal_code) VALUES ('cbartram7@bloglines.com','615-336-6224','vdawtreh@yellowbook.com','6 Namekagon Place','Nashville','Tennessee','37228')
INSERT INTO Customer (email,phone_number,add_by_user_name,street_Address, city, state, postal_code) VALUES ('gdumbarton8@ovh.net','253-743-5484','gmclaughlani@mediafire.com','703 Kenwood Plaza','Tacoma','Washington','98464')
INSERT INTO Customer (email,phone_number,add_by_user_name,street_Address, city, state, postal_code) VALUES ('fhenken9@instagram.com','614-279-2697','grousj@yahoo.co.jp','019 Grover Park','Columbus','Ohio','43220')
INSERT INTO Customer (email,phone_number,add_by_user_name,street_Address, city, state, postal_code) VALUES ('ademitrisa@istockphoto.com','203-313-1522','hganningk@wix.com','5874 Charing Cross Plaza','Norwalk','Connecticut','6859')
INSERT INTO Customer (email,phone_number,add_by_user_name,street_Address, city, state, postal_code) VALUES ('ksherstonb@ted.com','202-108-1370','abarefootl@networksolutions.com','3208 Ludington Hill','Washington','District of Columbia','20599')
INSERT INTO Customer (email,phone_number,add_by_user_name,street_Address, city, state, postal_code) VALUES ('jmalletrattc@prlog.org','818-691-6985','pbyfordm@cmu.edu','11043 Mcguire Point','Los Angeles','California','90035')
INSERT INTO Customer (email,phone_number,add_by_user_name,street_Address, city, state, postal_code) VALUES ('cdybelld@addtoany.com','310-509-9004','ljoiscen@purevolume.com','77096 Pepper Wood Trail','Santa Monica','California','90405')
INSERT INTO Customer (email,phone_number,add_by_user_name,street_Address, city, state, postal_code) VALUES ('cbousteade@oracle.com','559-349-2127','dcameliao@vk.com','0 Thompson Alley','Fresno','California','93794')
INSERT INTO Customer (email,phone_number,add_by_user_name,street_Address, city, state, postal_code) VALUES ('mpyvisf@springer.com','317-638-0709','mplumsteadp@go.com','2 Fordem Street','Indianapolis','Indiana','46202')
INSERT INTO Customer (email,phone_number,add_by_user_name,street_Address, city, state, postal_code) VALUES ('smurrthumg@taobao.com','304-260-9417','jdommersent@engadget.com','54392 Sugar Lane','Huntington','West Virginia','25770')
INSERT INTO Customer (email,phone_number,add_by_user_name,street_Address, city, state, postal_code) VALUES ('gremnanth@guardian.co.uk','585-417-7957','jdommersent@engadget.com','80 Ramsey Pass','Rochester','New York','14639')
INSERT INTO Customer (email,phone_number,add_by_user_name,street_Address, city, state, postal_code) VALUES ('cbezemeri@rediff.com','702-582-9813','jdommersent@engadget.com','25146 Harper Center','Las Vegas','Nevada','89193')
INSERT INTO Customer (email,phone_number,add_by_user_name,street_Address, city, state, postal_code) VALUES ('emaystonj@ameblo.jp','714-256-5549','jdommersent@engadget.com','24110 Florence Avenue','Irvine','California','92717')

-- Inserting Individual --
INSERT INTO Individual (driver_license,first_name, last_name, customerID) VALUES ('303-32-1642','Davey','Vigours',1)
INSERT INTO Individual (driver_license,first_name, last_name, customerID) VALUES ('442-08-5802','Zorana','Ferrarello',2)
INSERT INTO Individual (driver_license,first_name, last_name, customerID) VALUES ('481-18-0561','Sigismond','Niave',3)
INSERT INTO Individual (driver_license,first_name, last_name, customerID) VALUES ('654-49-5228','Harlen','Theodoris',4)
INSERT INTO Individual (driver_license,first_name, last_name, customerID) VALUES ('489-80-8091','Alfreda','Cursons',5)
INSERT INTO Individual (driver_license,first_name, last_name, customerID) VALUES ('542-02-7966','Kari','Barks',6)
INSERT INTO Individual (driver_license,first_name, last_name, customerID) VALUES ('338-57-3817','Jacinda','Sucre',7)
INSERT INTO Individual (driver_license,first_name, last_name, customerID) VALUES ('895-45-2136','Missy','Redmain',8)
INSERT INTO Individual (driver_license,first_name, last_name, customerID) VALUES ('784-47-0445','Leon','Moraleda',9)
INSERT INTO Individual (driver_license,first_name, last_name, customerID) VALUES ('134-91-8444','Ernesta','Gowrie',10)

-- Inserting Business --
INSERT INTO Business (tax_ID, contact_title, contact_name, business_name, customerID) VALUES ('37-0484815','VP Sales','Natty Beernaert','Cogibox',11)
INSERT INTO Business (tax_ID, contact_title, contact_name, business_name, customerID) VALUES ('82-8446540','Sales Manager','Marianna Cawtheray','Twimm',12)
INSERT INTO Business (tax_ID, contact_title, contact_name, business_name, customerID) VALUES ('24-9682698','Sales Manager','Heddie Rastall','Tazzy',13)
INSERT INTO Business (tax_ID, contact_title, contact_name, business_name, customerID) VALUES ('95-1587752','Director of Sales','Rowney Snelman','Agimba',14)
INSERT INTO Business (tax_ID, contact_title, contact_name, business_name, customerID) VALUES ('42-2431648','Sales Engineer','Casey De la Yglesias','Feedspan',15)
INSERT INTO Business (tax_ID, contact_title, contact_name, business_name, customerID) VALUES ('68-1016537','Sales Associate','Onfroi Pywell','Thoughtstorm',16)
INSERT INTO Business (tax_ID, contact_title, contact_name, business_name, customerID) VALUES ('33-7110576','Sales Associate','Brooke Korneev','Zava',17)
INSERT INTO Business (tax_ID, contact_title, contact_name, business_name, customerID) VALUES ('98-1794319','Sales Assistant II','Anselma Bunney','Skippad',18)
INSERT INTO Business (tax_ID, contact_title, contact_name, business_name, customerID) VALUES ('80-0894875','Sales Assistant I','Celestia Di Francesco','Agimba',19)
INSERT INTO Business (tax_ID, contact_title, contact_name, business_name, customerID) VALUES ('87-5656994','Account Manager','Beverlie Stoving','Kimia',20)

-- Inserting Manufacturer --
INSERT INTO Manufacturer (name) VALUES ('Acura')
INSERT INTO Manufacturer (name) VALUES ('Alfa Romeo')
INSERT INTO Manufacturer (name) VALUES ('Aston Martin')
INSERT INTO Manufacturer (name) VALUES ('Audi')
INSERT INTO Manufacturer (name) VALUES ('Bentley')
INSERT INTO Manufacturer (name) VALUES ('BMW')
INSERT INTO Manufacturer (name) VALUES ('Buick')
INSERT INTO Manufacturer (name) VALUES ('Cadillac')
INSERT INTO Manufacturer (name) VALUES ('Chevrolet')
INSERT INTO Manufacturer (name) VALUES ('Chrysler')
INSERT INTO Manufacturer (name) VALUES ('Dodge')
INSERT INTO Manufacturer (name) VALUES ('Ferrari')
INSERT INTO Manufacturer (name) VALUES ('FIAT')
INSERT INTO Manufacturer (name) VALUES ('Ford')
INSERT INTO Manufacturer (name) VALUES ('Freightliner')
INSERT INTO Manufacturer (name) VALUES ('Genesis')
INSERT INTO Manufacturer (name) VALUES ('GMC')
INSERT INTO Manufacturer (name) VALUES ('Honda')
INSERT INTO Manufacturer (name) VALUES ('Hyundai')
INSERT INTO Manufacturer (name) VALUES ('INFINITI')
INSERT INTO Manufacturer (name) VALUES ('Jaguar')
INSERT INTO Manufacturer (name) VALUES ('Jeep')
INSERT INTO Manufacturer (name) VALUES ('Kia')
INSERT INTO Manufacturer (name) VALUES ('Lamborghini')
INSERT INTO Manufacturer (name) VALUES ('Land Rover')
INSERT INTO Manufacturer (name) VALUES ('Lexus')
INSERT INTO Manufacturer (name) VALUES ('Lincoln')
INSERT INTO Manufacturer (name) VALUES ('Lotus')
INSERT INTO Manufacturer (name) VALUES ('Maserati')
INSERT INTO Manufacturer (name) VALUES ('MAZDA')
INSERT INTO Manufacturer (name) VALUES ('McLaren')
INSERT INTO Manufacturer (name) VALUES ('Mercedes-Benz')
INSERT INTO Manufacturer (name) VALUES ('MINI')
INSERT INTO Manufacturer (name) VALUES ('Mitsubishi')
INSERT INTO Manufacturer (name) VALUES ('Nissan')
INSERT INTO Manufacturer (name) VALUES ('Porsche')
INSERT INTO Manufacturer (name) VALUES ('Ram')
INSERT INTO Manufacturer (name) VALUES ('Rolls-Royce')
INSERT INTO Manufacturer (name) VALUES ('SAAB')
INSERT INTO Manufacturer (name) VALUES ('smart')
INSERT INTO Manufacturer (name) VALUES ('Subaru')
INSERT INTO Manufacturer (name) VALUES ('Tesla')
INSERT INTO Manufacturer (name) VALUES ('Toyota')
INSERT INTO Manufacturer (name) VALUES ('Vauxhall')
INSERT INTO Manufacturer (name) VALUES ('Volkswagen')
INSERT INTO Manufacturer (name) VALUES ('Volvo')


-- Inserting Color --
INSERT INTO Color (name) VALUES ('Aluminum')
INSERT INTO Color (name) VALUES ('Beige')
INSERT INTO Color (name) VALUES ('Black')
INSERT INTO Color (name) VALUES ('Blue')
INSERT INTO Color (name) VALUES ('Brown')
INSERT INTO Color (name) VALUES ('Bronze')
INSERT INTO Color (name) VALUES ('Claret')
INSERT INTO Color (name) VALUES ('Copper')
INSERT INTO Color (name) VALUES ('Cream')
INSERT INTO Color (name) VALUES ('Gold')
INSERT INTO Color (name) VALUES ('Gray')
INSERT INTO Color (name) VALUES ('Green')
INSERT INTO Color (name) VALUES ('Maroon')
INSERT INTO Color (name) VALUES ('Metallic')
INSERT INTO Color (name) VALUES ('Navy')
INSERT INTO Color (name) VALUES ('Orange')
INSERT INTO Color (name) VALUES ('Pink')
INSERT INTO Color (name) VALUES ('Purple')
INSERT INTO Color (name) VALUES ('Red')
INSERT INTO Color (name) VALUES ('Rose')
INSERT INTO Color (name) VALUES ('Rust')
INSERT INTO Color (name) VALUES ('Silver')
INSERT INTO Color (name) VALUES ('Tan')
INSERT INTO Color (name) VALUES ('Turquoise')
INSERT INTO Color (name) VALUES ('White')
INSERT INTO Color (name) VALUES ('Yellow')

-- INSERT INTO Vehicle
INSERT INTO Vehicle (VIN, description, model_year, model_name, invoice_price, manufacturer_name, inv_writer_user_name, add_date) VALUES ('WBALY1C5XED787278',null,2002,'Intrepid',53874.82,'Audi','raround@naver.com','2015-12-10 13:55:46');
INSERT INTO Vehicle (VIN, description, model_year, model_name, invoice_price, manufacturer_name, inv_writer_user_name, add_date) VALUES ('1J4AA2D19AL955597','Morbi non lectus. Aliquam sit amet diam in magna bibendum imperdiet. Nullam orci pede, venenatis non, sodales sed, tincidunt eu, felis.',1994,'Celica',61394.76,'Buick','ereader@techcrunch.com','2020-07-24 15:02:08');
INSERT INTO Vehicle (VIN, description, model_year, model_name, invoice_price, manufacturer_name, inv_writer_user_name, add_date) VALUES ('WAUAKAFB0BN171900',null,1999,'Sunfire',78058.44,'Aston Martin','raround@naver.com','2017-02-17 19:24:06');
INSERT INTO Vehicle (VIN, description, model_year, model_name, invoice_price, manufacturer_name, inv_writer_user_name, add_date) VALUES ('WBAXG5C58CD010607',null,2011,'Grand Cherokee',67119.36,'Ford','ereader@techcrunch.com','2019-07-08 00:58:02');
INSERT INTO Vehicle (VIN, description, model_year, model_name, invoice_price, manufacturer_name, inv_writer_user_name, add_date) VALUES ('3VWJX7AJXAM790855',null,2000,'Sierra 3500',74654.41,'Acura','lleatq@blogtalkradio.com','2019-08-11 08:50:52');
INSERT INTO Vehicle (VIN, description, model_year, model_name, invoice_price, manufacturer_name, inv_writer_user_name, add_date) VALUES ('WAU4FAFL7BA694879',null,2009,'Range Rover',27984.67,'Audi','raround@naver.com','2018-08-06 01:28:35');
INSERT INTO Vehicle (VIN, description, model_year, model_name, invoice_price, manufacturer_name, inv_writer_user_name, add_date) VALUES ('KMHFH4JG2FA125263',null,2011,'ZDX',95606.03,'Ford','raround@naver.com','2017-07-13 01:41:53');
INSERT INTO Vehicle (VIN, description, model_year, model_name, invoice_price, manufacturer_name, inv_writer_user_name, add_date) VALUES ('1FTEX1C89AF244976','Morbi porttitor lorem id ligula. Suspendisse ornare consequat lectus. In est risus, auctor sed, tristique in, tempus sit amet, sem.',1989,'929',89359.55,'FIAT','ereader@techcrunch.com','2017-12-08 21:01:00');
INSERT INTO Vehicle (VIN, description, model_year, model_name, invoice_price, manufacturer_name, inv_writer_user_name, add_date) VALUES ('WAUVFAFH7DN191784',null,2009,'XC60',87867.52,'Chevrolet','ereader@techcrunch.com','2016-07-24 12:57:55');
INSERT INTO Vehicle (VIN, description, model_year, model_name, invoice_price, manufacturer_name, inv_writer_user_name, add_date) VALUES ('WAUDH98E57A322164','Phasellus sit amet erat. Nulla tempus. Vivamus in felis eu sapien cursus vestibulum.',2009,'Touareg',23803.05,'Chrysler','raround@naver.com','2016-05-17 22:40:36');
INSERT INTO Vehicle (VIN, description, model_year, model_name, invoice_price, manufacturer_name, inv_writer_user_name, add_date) VALUES ('WAUKG78E85A695131',null,2002,'Bravada',96990.84,'Buick','lleatq@blogtalkradio.com','2019-06-16 04:28:49');
INSERT INTO Vehicle (VIN, description, model_year, model_name, invoice_price, manufacturer_name, inv_writer_user_name, add_date) VALUES ('3C63D3HL2CG025216',null,1994,'Voyager',33491.03,'Bentley','ereader@techcrunch.com','2017-07-02 19:10:15');
INSERT INTO Vehicle (VIN, description, model_year, model_name, invoice_price, manufacturer_name, inv_writer_user_name, add_date) VALUES ('1LNHL9EK8FG673705',null,2009,'Endeavor',28149.7,'Audi','ereader@techcrunch.com','2017-01-02 19:54:22');
INSERT INTO Vehicle (VIN, description, model_year, model_name, invoice_price, manufacturer_name, inv_writer_user_name, add_date) VALUES ('KNDMG4C76B6985725',null,2002,'Silhouette',34264.03,'Ferrari','raround@naver.com','2019-08-15 19:45:23');
INSERT INTO Vehicle (VIN, description, model_year, model_name, invoice_price, manufacturer_name, inv_writer_user_name, add_date) VALUES ('WP0AB2A90BS835644',null,1989,'Colt',34024.84,'BMW','raround@naver.com','2019-04-21 14:50:46');
INSERT INTO Vehicle (VIN, description, model_year, model_name, invoice_price, manufacturer_name, inv_writer_user_name, add_date) VALUES ('1G6DJ8E33D0081701',null,2000,'Grand Marquis',87380.01,'BMW','ereader@techcrunch.com','2017-08-16 09:57:38');
INSERT INTO Vehicle (VIN, description, model_year, model_name, invoice_price, manufacturer_name, inv_writer_user_name, add_date) VALUES ('SCBZB25E81C587990',null,2006,'Aveo',34776.79,'Chevrolet','ereader@techcrunch.com','2019-05-18 14:53:03');
INSERT INTO Vehicle (VIN, description, model_year, model_name, invoice_price, manufacturer_name, inv_writer_user_name, add_date) VALUES ('1VWAP7A32EC912536',null,2008,'Entourage',80719.91,'Dodge','raround@naver.com','2018-10-29 11:51:45');
INSERT INTO Vehicle (VIN, description, model_year, model_name, invoice_price, manufacturer_name, inv_writer_user_name, add_date) VALUES ('19UUA9F56DA895128',null,2002,'RSX',52677.13,'Alfa Romeo','lleatq@blogtalkradio.com','2019-06-07 22:04:15');
INSERT INTO Vehicle (VIN, description, model_year, model_name, invoice_price, manufacturer_name, inv_writer_user_name, add_date) VALUES ('2G4GV5GV5D9792667',null,1976,'Volare',33887.89,'Dodge','raround@naver.com','2018-02-25 12:29:37');
INSERT INTO Vehicle (VIN, description, model_year, model_name, invoice_price, manufacturer_name, inv_writer_user_name, add_date) VALUES ('3N1AB7AP8FL412443',null,2006,'Viper',31873.27,'FIAT','ereader@techcrunch.com','2020-09-07 12:35:57');
INSERT INTO Vehicle (VIN, description, model_year, model_name, invoice_price, manufacturer_name, inv_writer_user_name, add_date) VALUES ('1N6AF0KY0EN132852','Quisque porta volutpat erat. Quisque erat eros, viverra eget, congue eget, semper rutrum, nulla. Nunc purus.',1997,'Accord',57043.34,'Ford','lleatq@blogtalkradio.com','2017-02-08 23:24:11');
INSERT INTO Vehicle (VIN, description, model_year, model_name, invoice_price, manufacturer_name, inv_writer_user_name, add_date) VALUES ('WA1CGAFP8EA585876','Nulla ut erat id mauris vulputate elementum. Nullam varius. Nulla facilisi.',2001,'Montana',36005.11,'Bentley','lleatq@blogtalkradio.com','2017-12-13 08:17:54');
INSERT INTO Vehicle (VIN, description, model_year, model_name, invoice_price, manufacturer_name, inv_writer_user_name, add_date) VALUES ('WA1MYAFE7AD384138',null,2003,'TT',89698.75,'Ferrari','raround@naver.com','2019-05-06 06:48:09');
INSERT INTO Vehicle (VIN, description, model_year, model_name, invoice_price, manufacturer_name, inv_writer_user_name, add_date) VALUES ('4USBU33537L154937',null,1969,'Roadrunner',87239.02,'Bentley','raround@naver.com','2019-09-13 17:05:30');
INSERT INTO Vehicle (VIN, description, model_year, model_name, invoice_price, manufacturer_name, inv_writer_user_name, add_date) VALUES ('WBAVC53508F547535','Vestibulum ac est lacinia nisi venenatis tristique. Fusce congue, diam id ornare imperdiet, sapien urna pretium nisl, ut volutpat sapien arcu sed augue. Aliquam erat volutpat.',2008,'CR-V',34210.6,'Dodge','ereader@techcrunch.com','2019-01-05 00:22:48');
INSERT INTO Vehicle (VIN, description, model_year, model_name, invoice_price, manufacturer_name, inv_writer_user_name, add_date) VALUES ('3D7TP2CT9AG452493',null,1999,'Camaro',24046.97,'Cadillac','lleatq@blogtalkradio.com','2015-11-12 16:16:31');
INSERT INTO Vehicle (VIN, description, model_year, model_name, invoice_price, manufacturer_name, inv_writer_user_name, add_date) VALUES ('KNDKG3A24A7699101','Integer ac leo. Pellentesque ultrices mattis odio. Donec vitae nisi.',1995,'Alcyone SVX',59393.53,'Bentley','lleatq@blogtalkradio.com','2020-01-20 05:57:16');
INSERT INTO Vehicle (VIN, description, model_year, model_name, invoice_price, manufacturer_name, inv_writer_user_name, add_date) VALUES ('SCBCP73W48C266880',null,1998,'Odyssey',60897.21,'Audi','raround@naver.com','2017-12-15 04:18:14');
INSERT INTO Vehicle (VIN, description, model_year, model_name, invoice_price, manufacturer_name, inv_writer_user_name, add_date) VALUES ('WA1WKBFPXAA882403',null,2011,'C-Class',39821.01,'Chevrolet','lleatq@blogtalkradio.com','2015-11-10 11:11:39');
INSERT INTO Vehicle (VIN, description, model_year, model_name, invoice_price, manufacturer_name, inv_writer_user_name, add_date) VALUES ('5TFCY5F16BX510317',null,1988,'B-Series',50929.7,'Ford','raround@naver.com','2017-12-21 10:50:34');
INSERT INTO Vehicle (VIN, description, model_year, model_name, invoice_price, manufacturer_name, inv_writer_user_name, add_date) VALUES ('WBAYB6C57FG946987',null,2008,'S40',82592.63,'Audi','raround@naver.com','2018-08-21 22:16:19');
INSERT INTO Vehicle (VIN, description, model_year, model_name, invoice_price, manufacturer_name, inv_writer_user_name, add_date) VALUES ('SCBDC47L69C005721',null,2005,'Amanti',97982.31,'Cadillac','lleatq@blogtalkradio.com','2020-06-04 07:23:42');
INSERT INTO Vehicle (VIN, description, model_year, model_name, invoice_price, manufacturer_name, inv_writer_user_name, add_date) VALUES ('JN1AZ4EHXFM414990',null,1999,'Catera',73596.27,'BMW','ereader@techcrunch.com','2020-03-02 06:11:20');
INSERT INTO Vehicle (VIN, description, model_year, model_name, invoice_price, manufacturer_name, inv_writer_user_name, add_date) VALUES ('2C3CCARG9FH835422',null,2011,'Sorento',53696.6,'Buick','lleatq@blogtalkradio.com','2016-10-04 16:54:34');
INSERT INTO Vehicle (VIN, description, model_year, model_name, invoice_price, manufacturer_name, inv_writer_user_name, add_date) VALUES ('WA1YD54B23N206826',null,1999,'Sportage',26702.15,'Cadillac','lleatq@blogtalkradio.com','2017-06-22 16:05:45');
INSERT INTO Vehicle (VIN, description, model_year, model_name, invoice_price, manufacturer_name, inv_writer_user_name, add_date) VALUES ('2T2BK1BA0FC038076','In hac habitasse platea dictumst. Morbi vestibulum, velit id pretium iaculis, diam erat fermentum justo, nec condimentum neque sapien placerat ante. Nulla justo.',1998,'Club Wagon',51997,'Alfa Romeo','raround@naver.com','2016-06-30 03:13:21');
INSERT INTO Vehicle (VIN, description, model_year, model_name, invoice_price, manufacturer_name, inv_writer_user_name, add_date) VALUES ('1GYFK63878R225316',null,1990,'Taurus',61612.56,'Ford','ereader@techcrunch.com','2017-03-19 12:59:58');
INSERT INTO Vehicle (VIN, description, model_year, model_name, invoice_price, manufacturer_name, inv_writer_user_name, add_date) VALUES ('2B3CA8CT7AH665099',null,2004,'S60',57788.87,'Buick','raround@naver.com','2019-10-01 08:38:26');
INSERT INTO Vehicle (VIN, description, model_year, model_name, invoice_price, manufacturer_name, inv_writer_user_name, add_date) VALUES ('WAUKFAFL0EN110178',null,2006,'Sierra Denali',93887.13,'Chrysler','ereader@techcrunch.com','2018-05-22 14:17:36');
INSERT INTO Vehicle (VIN, description, model_year, model_name, invoice_price, manufacturer_name, inv_writer_user_name, add_date) VALUES ('W04GR5EC4B1517006','Sed ante. Vivamus tortor. Duis mattis egestas metus.',1986,'Gemini',87597.19,'Audi','ereader@techcrunch.com','2017-08-16 17:24:52');
INSERT INTO Vehicle (VIN, description, model_year, model_name, invoice_price, manufacturer_name, inv_writer_user_name, add_date) VALUES ('1C6RD6NT6CS095309',null,2000,'Envoy',63248.98,'Aston Martin','lleatq@blogtalkradio.com','2020-04-18 04:35:24');
INSERT INTO Vehicle (VIN, description, model_year, model_name, invoice_price, manufacturer_name, inv_writer_user_name, add_date) VALUES ('WAUEV74F17N151325','Duis bibendum, felis sed interdum venenatis, turpis enim blandit mi, in porttitor pede justo eu massa. Donec dapibus. Duis at velit eu est congue elementum.',2009,'M5',52910.48,'Chrysler','ereader@techcrunch.com','2018-06-04 16:34:29');
INSERT INTO Vehicle (VIN, description, model_year, model_name, invoice_price, manufacturer_name, inv_writer_user_name, add_date) VALUES ('1G4CW54K634225164','Duis consequat dui nec nisi volutpat eleifend. Donec ut dolor. Morbi vel lectus in quam fringilla rhoncus.',1993,'600SL',61344.83,'FIAT','ereader@techcrunch.com','2018-05-15 08:05:13');
INSERT INTO Vehicle (VIN, description, model_year, model_name, invoice_price, manufacturer_name, inv_writer_user_name, add_date) VALUES ('WA1VFBFL2DA082485',null,2004,'SRX',56798.28,'FIAT','lleatq@blogtalkradio.com','2018-03-28 21:55:07');
INSERT INTO Vehicle (VIN, description, model_year, model_name, invoice_price, manufacturer_name, inv_writer_user_name, add_date) VALUES ('WBA3F9C50DF468043','Nullam sit amet turpis elementum ligula vehicula consequat. Morbi a ipsum. Integer a nibh.',1999,'Grand Prix',21571.56,'Ford','raround@naver.com','2016-09-08 06:17:11');
INSERT INTO Vehicle (VIN, description, model_year, model_name, invoice_price, manufacturer_name, inv_writer_user_name, add_date) VALUES ('WBAKF9C53BE175462','Nam ultrices, libero non mattis pulvinar, nulla pede ullamcorper augue, a suscipit nulla elit ac nulla. Sed vel enim sit amet nunc viverra dapibus. Nulla suscipit ligula in lacus.',1995,'SVX',94272.58,'Audi','lleatq@blogtalkradio.com','2019-08-11 04:29:37');
INSERT INTO Vehicle (VIN, description, model_year, model_name, invoice_price, manufacturer_name, inv_writer_user_name, add_date) VALUES ('JM3ER2A5XB0907835',null,2008,'Silverado',24997.73,'Ford','ereader@techcrunch.com','2017-06-22 14:32:08');
INSERT INTO Vehicle (VIN, description, model_year, model_name, invoice_price, manufacturer_name, inv_writer_user_name, add_date) VALUES ('1G4HB5EM9AU994952',null,2009,'SRX',68158.36,'Chrysler','ereader@techcrunch.com','2019-01-31 07:53:31');
INSERT INTO Vehicle (VIN, description, model_year, model_name, invoice_price, manufacturer_name, inv_writer_user_name, add_date) VALUES ('5NPDH4AE6CH325223',null,2006,'Rendezvous',61206.33,'Chevrolet','lleatq@blogtalkradio.com','2019-05-18 04:47:26');

-- INSERT INTO Car--
INSERT INTO Car (VIN, number_of_doors) VALUES ('WBALY1C5XED787278','2')
INSERT INTO Car (VIN, number_of_doors) VALUES ('1J4AA2D19AL955597','4')
INSERT INTO Car (VIN, number_of_doors) VALUES ('WAUAKAFB0BN171900','2')
INSERT INTO Car (VIN, number_of_doors) VALUES ('WBAXG5C58CD010607','4')
INSERT INTO Car (VIN, number_of_doors) VALUES ('3VWJX7AJXAM790855','4')
INSERT INTO Car (VIN, number_of_doors) VALUES ('WAU4FAFL7BA694879','4')
INSERT INTO Car (VIN, number_of_doors) VALUES ('KMHFH4JG2FA125263','4')
INSERT INTO Car (VIN, number_of_doors) VALUES ('1FTEX1C89AF244976','4')
INSERT INTO Car (VIN, number_of_doors) VALUES ('WAUVFAFH7DN191784','4')
INSERT INTO Car (VIN, number_of_doors) VALUES ('WAUDH98E57A322164','4')
INSERT INTO Car (VIN, number_of_doors) VALUES ('WAUKG78E85A695131','4')
INSERT INTO Car (VIN, number_of_doors) VALUES ('3C63D3HL2CG025216','4')
INSERT INTO Car (VIN, number_of_doors) VALUES ('1LNHL9EK8FG673705','4')
INSERT INTO Car (VIN, number_of_doors) VALUES ('KNDMG4C76B6985725','4')
INSERT INTO Car (VIN, number_of_doors) VALUES ('WP0AB2A90BS835644','4')

-- Inserting Convertible --
INSERT INTO Convertible (VIN, roof_type, back_seat_count) VALUES ('1G6DJ8E33D0081701','soft','2')
INSERT INTO Convertible (VIN, roof_type, back_seat_count) VALUES ('SCBZB25E81C587990','soft','3')
INSERT INTO Convertible (VIN, roof_type, back_seat_count) VALUES ('1VWAP7A32EC912536','hard','2')
INSERT INTO Convertible (VIN, roof_type, back_seat_count) VALUES ('19UUA9F56DA895128','hard','2')
INSERT INTO Convertible (VIN, roof_type, back_seat_count) VALUES ('2G4GV5GV5D9792667','hard','2')
INSERT INTO Convertible (VIN, roof_type, back_seat_count) VALUES ('3N1AB7AP8FL412443','hard','0')
INSERT INTO Convertible (VIN, roof_type, back_seat_count) VALUES ('1N6AF0KY0EN132852','hard','0')
INSERT INTO Convertible (VIN, roof_type, back_seat_count) VALUES ('WA1CGAFP8EA585876','soft','0')
INSERT INTO Convertible (VIN, roof_type, back_seat_count) VALUES ('WA1MYAFE7AD384138','soft','0')
INSERT INTO Convertible (VIN, roof_type, back_seat_count) VALUES ('4USBU33537L154937','soft','0')
INSERT INTO Convertible (VIN, roof_type, back_seat_count) VALUES ('WBAVC53508F547535','soft','3')
INSERT INTO Convertible (VIN, roof_type, back_seat_count) VALUES ('3D7TP2CT9AG452493','soft','2')

-- Inserting Truck --
INSERT INTO Truck (VIN, cargo_capacity, cargo_cover_type,number_of_rear_axies) VALUES ('KNDKG3A24A7699101','48000','soft','2')
INSERT INTO Truck (VIN, cargo_capacity, cargo_cover_type,number_of_rear_axies) VALUES ('SCBCP73W48C266880','67000','soft','2')
INSERT INTO Truck (VIN, cargo_capacity, cargo_cover_type,number_of_rear_axies) VALUES ('WA1WKBFPXAA882403','56000','hard','2')
INSERT INTO Truck (VIN, cargo_capacity, cargo_cover_type,number_of_rear_axies) VALUES ('5TFCY5F16BX510317','49000','hard','1')
INSERT INTO Truck (VIN, cargo_capacity, cargo_cover_type,number_of_rear_axies) VALUES ('WBAYB6C57FG946987','48000','hard','2')
INSERT INTO Truck (VIN, cargo_capacity, cargo_cover_type,number_of_rear_axies) VALUES ('SCBDC47L69C005721','49876','soft','1')
INSERT INTO Truck (VIN, cargo_capacity, cargo_cover_type,number_of_rear_axies) VALUES ('JN1AZ4EHXFM414990','49879','soft','1')
INSERT INTO Truck (VIN, cargo_capacity, cargo_cover_type,number_of_rear_axies) VALUES ('2C3CCARG9FH835422','50888','hard','2')


-- Inserting Van --
INSERT INTO Van (VIN, has_driver_side_back_door) VALUES ('WA1YD54B23N206826','1')
INSERT INTO Van (VIN, has_driver_side_back_door) VALUES ('2T2BK1BA0FC038076','1')
INSERT INTO Van (VIN, has_driver_side_back_door) VALUES ('1GYFK63878R225316','1')
INSERT INTO Van (VIN, has_driver_side_back_door) VALUES ('2B3CA8CT7AH665099','1')
INSERT INTO Van (VIN, has_driver_side_back_door) VALUES ('WAUKFAFL0EN110178','0')
INSERT INTO Van (VIN, has_driver_side_back_door) VALUES ('W04GR5EC4B1517006','1')
INSERT INTO Van (VIN, has_driver_side_back_door) VALUES ('1C6RD6NT6CS095309','0')
INSERT INTO Van (VIN, has_driver_side_back_door) VALUES ('WAUEV74F17N151325','0')
INSERT INTO Van (VIN, has_driver_side_back_door) VALUES ('1G4CW54K634225164','0')
INSERT INTO Van (VIN, has_driver_side_back_door) VALUES ('WA1VFBFL2DA082485','0')

-- Inserting SUV --
INSERT INTO SUV (VIN, number_of_cupholder, drivetrain_type) VALUES ('WBA3F9C50DF468043','2','RWD')
INSERT INTO SUV (VIN, number_of_cupholder, drivetrain_type) VALUES ('WBAKF9C53BE175462','2','AWD')
INSERT INTO SUV (VIN, number_of_cupholder, drivetrain_type) VALUES ('JM3ER2A5XB0907835','1','AWD')
INSERT INTO SUV (VIN, number_of_cupholder, drivetrain_type) VALUES ('1G4HB5EM9AU994952','1','RWD')
INSERT INTO SUV (VIN, number_of_cupholder, drivetrain_type) VALUES ('5NPDH4AE6CH325223','2','AWD')



-- Inserting VehicleHasColor --
INSERT INTO VehicleHasColor (VIN, color) VALUES ('WBALY1C5XED787278','Pink')
INSERT INTO VehicleHasColor (VIN, color) VALUES ('WBALY1C5XED787278','Red')
INSERT INTO VehicleHasColor (VIN, color) VALUES ('1J4AA2D19AL955597','Rose')
INSERT INTO VehicleHasColor (VIN, color) VALUES ('WAUAKAFB0BN171900','Purple')
INSERT INTO VehicleHasColor (VIN, color) VALUES ('WBAXG5C58CD010607','Maroon')
INSERT INTO VehicleHasColor (VIN, color) VALUES ('3VWJX7AJXAM790855','Pink')
INSERT INTO VehicleHasColor (VIN, color) VALUES ('3VWJX7AJXAM790855','Red')
INSERT INTO VehicleHasColor (VIN, color) VALUES ('WAU4FAFL7BA694879','Rust')
INSERT INTO VehicleHasColor (VIN, color) VALUES ('KMHFH4JG2FA125263','Rust')
INSERT INTO VehicleHasColor (VIN, color) VALUES ('1FTEX1C89AF244976','Metallic')
INSERT INTO VehicleHasColor (VIN, color) VALUES ('WAUVFAFH7DN191784','Yellow')
INSERT INTO VehicleHasColor (VIN, color) VALUES ('WAUVFAFH7DN191784','Black')
INSERT INTO VehicleHasColor (VIN, color) VALUES ('WAUDH98E57A322164','Rust')
INSERT INTO VehicleHasColor (VIN, color) VALUES ('WAUKG78E85A695131','Red')
INSERT INTO VehicleHasColor (VIN, color) VALUES ('3C63D3HL2CG025216','Turquoise')
INSERT INTO VehicleHasColor (VIN, color) VALUES ('1LNHL9EK8FG673705','Navy')
INSERT INTO VehicleHasColor (VIN, color) VALUES ('KNDMG4C76B6985725','Gold')
INSERT INTO VehicleHasColor (VIN, color) VALUES ('KNDMG4C76B6985725','Black')
INSERT INTO VehicleHasColor (VIN, color) VALUES ('WP0AB2A90BS835644','Aluminum')
INSERT INTO VehicleHasColor (VIN, color) VALUES ('1G6DJ8E33D0081701','Cream')
INSERT INTO VehicleHasColor (VIN, color) VALUES ('SCBZB25E81C587990','Claret')
INSERT INTO VehicleHasColor (VIN, color) VALUES ('1VWAP7A32EC912536','Blue')
INSERT INTO VehicleHasColor (VIN, color) VALUES ('19UUA9F56DA895128','Black')
INSERT INTO VehicleHasColor (VIN, color) VALUES ('2G4GV5GV5D9792667','Orange')
INSERT INTO VehicleHasColor (VIN, color) VALUES ('3N1AB7AP8FL412443','Silver')
INSERT INTO VehicleHasColor (VIN, color) VALUES ('1N6AF0KY0EN132852','Rose')
INSERT INTO VehicleHasColor (VIN, color) VALUES ('WA1CGAFP8EA585876','Claret')
INSERT INTO VehicleHasColor (VIN, color) VALUES ('WA1MYAFE7AD384138','Aluminum')
INSERT INTO VehicleHasColor (VIN, color) VALUES ('4USBU33537L154937','Copper')
INSERT INTO VehicleHasColor (VIN, color) VALUES ('WBAVC53508F547535','Green')
INSERT INTO VehicleHasColor (VIN, color) VALUES ('3D7TP2CT9AG452493','Navy')
INSERT INTO VehicleHasColor (VIN, color) VALUES ('KNDKG3A24A7699101','Claret')
INSERT INTO VehicleHasColor (VIN, color) VALUES ('KNDKG3A24A7699101','Navy')
INSERT INTO VehicleHasColor (VIN, color) VALUES ('SCBCP73W48C266880','Tan')
INSERT INTO VehicleHasColor (VIN, color) VALUES ('WA1WKBFPXAA882403','Bronze')
INSERT INTO VehicleHasColor (VIN, color) VALUES ('5TFCY5F16BX510317','Gray')
INSERT INTO VehicleHasColor (VIN, color) VALUES ('5TFCY5F16BX510317','Black')
INSERT INTO VehicleHasColor (VIN, color) VALUES ('WBAYB6C57FG946987','White')
INSERT INTO VehicleHasColor (VIN, color) VALUES ('SCBDC47L69C005721','Green')
INSERT INTO VehicleHasColor (VIN, color) VALUES ('JN1AZ4EHXFM414990','Maroon')
INSERT INTO VehicleHasColor (VIN, color) VALUES ('2C3CCARG9FH835422','Black')
INSERT INTO VehicleHasColor (VIN, color) VALUES ('WA1YD54B23N206826','Claret')
INSERT INTO VehicleHasColor (VIN, color) VALUES ('2T2BK1BA0FC038076','Cream')
INSERT INTO VehicleHasColor (VIN, color) VALUES ('1GYFK63878R225316','Aluminum')
INSERT INTO VehicleHasColor (VIN, color) VALUES ('2B3CA8CT7AH665099','Tan')
INSERT INTO VehicleHasColor (VIN, color) VALUES ('WAUKFAFL0EN110178','Aluminum')
INSERT INTO VehicleHasColor (VIN, color) VALUES ('W04GR5EC4B1517006','Claret')
INSERT INTO VehicleHasColor (VIN, color) VALUES ('1C6RD6NT6CS095309','Blue')
INSERT INTO VehicleHasColor (VIN, color) VALUES ('WAUEV74F17N151325','Metallic')
INSERT INTO VehicleHasColor (VIN, color) VALUES ('WAUEV74F17N151325','Pink')
INSERT INTO VehicleHasColor (VIN, color) VALUES ('1G4CW54K634225164','Cream')
INSERT INTO VehicleHasColor (VIN, color) VALUES ('WA1VFBFL2DA082485','Metallic')
INSERT INTO VehicleHasColor (VIN, color) VALUES ('WBA3F9C50DF468043','Black')
INSERT INTO VehicleHasColor (VIN, color) VALUES ('WBAKF9C53BE175462','Gold')
INSERT INTO VehicleHasColor (VIN, color) VALUES ('JM3ER2A5XB0907835','Yellow')
INSERT INTO VehicleHasColor (VIN, color) VALUES ('1G4HB5EM9AU994952','White')
INSERT INTO VehicleHasColor (VIN, color) VALUES ('5NPDH4AE6CH325223','Copper')

-- Inserting salesTransaction --
INSERT INTO SalesTransaction(VIN, customerID, sales_writer_user_name, sold_price, transaction_date) VALUES ('WBALY1C5XED787278', 3, 'vdawtreh@yellowbook.com', 71971.49, '2016-11-25')
INSERT INTO SalesTransaction(VIN, customerID, sales_writer_user_name, sold_price, transaction_date) VALUES ('1J4AA2D19AL955597', 5, 'hganningk@wix.com', 82205.09, '2022-06-16')
INSERT INTO SalesTransaction(VIN, customerID, sales_writer_user_name, sold_price, transaction_date) VALUES ('WAUAKAFB0BN171900', 4, 'fmckennane@narod.ru', 75493.49, '2019-02-06')
INSERT INTO SalesTransaction(VIN, customerID, sales_writer_user_name, sold_price, transaction_date) VALUES ('WBAXG5C58CD010607', 6, 'csarfattig@unblog.fr', 79384.01, '2021-01-03')
INSERT INTO SalesTransaction(VIN, customerID, sales_writer_user_name, sold_price, transaction_date) VALUES ('3VWJX7AJXAM790855', 11, 'mplumsteadp@go.com', 97974.54, '2021-06-01')
INSERT INTO SalesTransaction(VIN, customerID, sales_writer_user_name, sold_price, transaction_date) VALUES ('WAU4FAFL7BA694879', 12, 'dsummerskillf@ycombinator.com', 38498.1, '2019-09-25')
INSERT INTO SalesTransaction(VIN, customerID, sales_writer_user_name, sold_price, transaction_date) VALUES ('KMHFH4JG2FA125263', 3, 'pbyfordm@cmu.edu', 108865.76, '2018-09-25')
INSERT INTO SalesTransaction(VIN, customerID, sales_writer_user_name, sold_price, transaction_date) VALUES ('1FTEX1C89AF244976', 10, 'vdawtreh@yellowbook.com', 114392.86, '2019-05-06')
INSERT INTO SalesTransaction(VIN, customerID, sales_writer_user_name, sold_price, transaction_date) VALUES ('WAUVFAFH7DN191784', 9, 'ljoiscen@purevolume.com', 105167.11, '2018-07-21')
INSERT INTO SalesTransaction(VIN, customerID, sales_writer_user_name, sold_price, transaction_date) VALUES ('WAUDH98E57A322164', 7, 'fmckennane@narod.ru', 27998.94, '2017-06-14')
INSERT INTO SalesTransaction(VIN, customerID, sales_writer_user_name, sold_price, transaction_date) VALUES ('WAUKG78E85A695131', 19, 'mplumsteadp@go.com', 109357.67, '2019-10-20')
INSERT INTO SalesTransaction(VIN, customerID, sales_writer_user_name, sold_price, transaction_date) VALUES ('3C63D3HL2CG025216', 11, 'ljoiscen@purevolume.com', 32054.86, '2018-12-03')
INSERT INTO SalesTransaction(VIN, customerID, sales_writer_user_name, sold_price, transaction_date) VALUES ('1LNHL9EK8FG673705', 4, 'hganningk@wix.com', 36986.8, '2018-09-13')
INSERT INTO SalesTransaction(VIN, customerID, sales_writer_user_name, sold_price, transaction_date) VALUES ('KNDMG4C76B6985725', 9, 'csextie3@globo.com', 47952.64, '2020-5-28')
INSERT INTO SalesTransaction(VIN, customerID, sales_writer_user_name, sold_price, transaction_date) VALUES ('WP0AB2A90BS835644', 13, 'abarefootl@networksolutions.com', 33078.82, '2020-7-30')
INSERT INTO SalesTransaction(VIN, customerID, sales_writer_user_name, sold_price, transaction_date) VALUES ('1G6DJ8E33D0081701', 20, 'csarfattig@unblog.fr', 84156.63, '2017-12-7')


-- Inserting RepairDetails --
INSERT INTO RepairDetails(VIN, start_date, customerID, repair_starter, odometer_value, description, labor_charge, complete_date) VALUES ('WBALY1C5XED787278', '2017-09-02', 3, 'dtease1@joomla.org', 49762, 'Duis aliquam convallis nunc.', 4158.16, '2018-04-04')
INSERT INTO RepairDetails(VIN, start_date, customerID, repair_starter, odometer_value, description, labor_charge, complete_date) VALUES ('1J4AA2D19AL955597', '2023-01-05', 5, 'troake2@sina.com.cn', 75989, 'Ut at dolor quis odio consequat varius.', 3595.13, '2023-08-01')
INSERT INTO RepairDetails(VIN, start_date, customerID, repair_starter, odometer_value, description, labor_charge, complete_date) VALUES ('WAUAKAFB0BN171900', '2019-07-08', 4, 'raround@naver.com', 65503, 'Vestibulum ac est lacinia nisi venenatis tristique.', 4004.44, '2019-02-17')
INSERT INTO RepairDetails(VIN, start_date, customerID, repair_starter, odometer_value, description, labor_charge, complete_date) VALUES ('WBAXG5C58CD010607', '2021-06-27', 6, 'dtease1@joomla.org', 41635, 'Donec odio justo, sollicitudin ut, suscipit a, feugiat et, eros.', 898.6, '2021-11-11')
INSERT INTO RepairDetails(VIN, start_date, customerID, repair_starter, odometer_value, description, labor_charge, complete_date) VALUES ('3VWJX7AJXAM790855', '2021-09-04', 11, 'troake2@sina.com.cn', 25269, 'Nam congue, risus semper porta volutpat, quam pede lobortis ligula, sit amet eleifend pede libero quis orci. Nullam molestie nibh in lectus.', 4183.86, '2021-06-09')
INSERT INTO RepairDetails(VIN, start_date, customerID, repair_starter, odometer_value, description, labor_charge, complete_date) VALUES ('WAU4FAFL7BA694879', '2021-05-19', 12, 'troake2@sina.com.cn', 45183, 'Aliquam erat volutpat. In congue. Etiam justo.', 2134.26, '2021-04-09')
INSERT INTO RepairDetails(VIN, start_date, customerID, repair_starter, odometer_value, description, labor_charge, complete_date) VALUES ('KMHFH4JG2FA125263', '2020-03-09', 3, 'raround@naver.com', 51746, 'Duis consequat dui nec nisi volutpat eleifend. Donec ut dolor. Morbi vel lectus in quam fringilla rhoncus.', 554.64, '2020-09-07')
INSERT INTO RepairDetails(VIN, start_date, customerID, repair_starter, odometer_value, description, labor_charge, complete_date) VALUES ('1FTEX1C89AF244976', '2020-01-02', 10, 'troake2@sina.com.cn', 18270, 'Morbi a ipsum. Integer a nibh.', 1689.53, '2019-08-15')
INSERT INTO RepairDetails(VIN, start_date, customerID, repair_starter, odometer_value, description, labor_charge, complete_date) VALUES ('WAUVFAFH7DN191784', '2018-09-15', 9, 'troake2@sina.com.cn', 72916, 'In blandit ultrices enim.', 1822.45, '2020-07-14')

-- Inserting Parts --
INSERT INTO Part(VIN, start_date, part_number, quantity, price, vendor) VALUES ('WBALY1C5XED787278', '2018-09-02', '348-pix-84215', 1, 1914.06, 'commodo')
-- INSERT INTO Part(VIN, start_date, part_number, quantity, price, vendor) VALUES ('WBALY1C5XED787278', '2018-09-02', '132-yln-58168', 3, 4517.42, 'morbi')
INSERT INTO Part(VIN, start_date, part_number, quantity, price, vendor) VALUES ('1J4AA2D19AL955597', '2023-01-05', '354-ytd-89800', 20, 4222.53, 'arcu')
--INSERT INTO Part(VIN, start_date, part_number, quantity, price, vendor) VALUES ('1J4AA2D19AL955597', '2023-01-05', '679-afl-66281', 13, 3985.25, 'lacinia')
INSERT INTO Part(VIN, start_date, part_number, quantity, price, vendor) VALUES ('WAUAKAFB0BN171900', '2019-07-08', '032-tsp-80233', 18, 213.33, 'orci')
INSERT INTO Part(VIN, start_date, part_number, quantity, price, vendor) VALUES ('WBAXG5C58CD010607', '2021-06-27', '196-jed-27768', 9, 3311.45, 'lobortis')
INSERT INTO Part(VIN, start_date, part_number, quantity, price, vendor) VALUES ('3VWJX7AJXAM790855', '2021-09-04', '267-xvi-40887', 2, 4058.57, 'congue')
